{"_type":"export","__export_format":4,"__export_date":"2024-07-30T18:33:09.374Z","__export_source":"insomnia.desktop.app:v9.3.1","resources":[{"_id":"req_8e883965ec304549a74112e3fff3a1a3","parentId":"wrk_6931cd86647d43ac81e41eabe138d5ce","modified":1722364311240,"created":1722358173878,"url":"{{ _.API_VERCEL }}check-id-game","name":"Post Requests","description":"Check ID Games Via POST Requests\n\n```response:200\n{\n\t\"message\": \"Success Requesting to API\",\n\t\"nickname\": \"Martinus Krisandro Perdana Putra\",\n\t\"server_time\": \"2024-07-30 18:08:05\",\n\t\"status\": true,\n\t\"type_name\": \"HAGO\"\n}\n```\n\n```response:200\n{\n    \"status\": false,\n    \"server_time\": \"2024-07-30 16:32:24\",\n    \"message\": \"userIDNotEligibleError\",\n    \"type_name\": \"HAGO\"\n}\n```\n\n```response:200\n{\n    \"status\": false,\n    \"server_time\": \"2024-07-30 16:32:37\",\n    \"message\": \"Invalid Request Parameter(s) [userAccount.userId must not be blank]\",\n    \"type_name\": \"HAGO\"\n}\n```","method":"POST","body":{"mimeType":"application/json","text":"{\n\t\"type_name\": \"hago\",\n\t\"userId\": \"1084710366\",\n\t\"zoneId\": \"\"\n}"},"parameters":[],"headers":[{"name":"Content-Type","value":"application/json"},{"name":"User-Agent","value":"insomnia/9.3.1"}],"authentication":{},"metaSortKey":-1722358476104.5,"isPrivate":false,"pathParameters":[],"settingStoreCookies":true,"settingSendCookies":true,"settingDisableRenderRequestBody":false,"settingEncodeUrl":true,"settingRebuildPath":true,"settingFollowRedirects":"global","_type":"request"},{"_id":"wrk_6931cd86647d43ac81e41eabe138d5ce","parentId":null,"modified":1722363969641,"created":1722271360481,"name":"API Cek ID Game","description":"A Python library designed Web API to make it easier for game developers, data analysts, and other users to check and validate usernames (nicknames) in a game based on account IDs. The library provides a simple and easy-to-use interface for accessing username data from a game database.","scope":"collection","_type":"workspace"},{"_id":"req_84d10d4a11154a41b92f84d512b0870e","parentId":"wrk_6931cd86647d43ac81e41eabe138d5ce","modified":1722364360740,"created":1722358183416,"url":"{{ _.API_VERCEL }}check-id-game?type_name=mobile_legends&userId=604210151&zoneId=8425","name":"Get Requests","description":"Check ID Games Via GET Requests\n\n```response:200\n{\n\t\"message\": \"Success Requesting to API\",\n\t\"nickname\": \"Diezyyy\",\n\t\"server_time\": \"2024-07-30 18:02:20\",\n\t\"status\": true,\n\t\"type_name\": \"MOBILE_LEGENDS\"\n}\n```\n\n```response:200\n{\n\t\"message\": \"1003: Error_Role_Null\",\n\t\"server_time\": \"2024-07-30 18:32:26\",\n\t\"status\": false,\n\t\"type_name\": \"MOBILE_LEGENDS\"\n}\n```\n\n```response:200\n{\n    \"status\": false,\n    \"server_time\": \"2024-07-30 16:32:37\",\n    \"message\": \"Invalid Request Parameter(s) [userAccount.userId must not be blank]\",\n    \"type_name\": \"HAGO\"\n}\n```","method":"GET","body":{},"parameters":[],"headers":[{"name":"User-Agent","value":"insomnia/9.3.1"}],"authentication":{},"metaSortKey":-1722358183416,"isPrivate":false,"pathParameters":[],"settingStoreCookies":true,"settingSendCookies":true,"settingDisableRenderRequestBody":false,"settingEncodeUrl":true,"settingRebuildPath":true,"settingFollowRedirects":"global","_type":"request"},{"_id":"req_b8ca1bfae04e4be3a91d33ec7587b9a9","parentId":"wrk_6931cd86647d43ac81e41eabe138d5ce","modified":1722364239102,"created":1722358782184,"url":"{{ _.API_VERCEL }}list-games","name":"List Games","description":"Get List of Games\n\n```response:200\n{\n\t\"data\": [\n\t\t\"eight_ball_pool\",\n\t\t\"aether_gazer\",\n\t\t\"arena_of_valor\",\n\t\t\"auto_chess\",\n\t\t\"azur_lane\",\n\t\t\"bad_landers\",\n\t\t\"barbarq\",\n\t\t\"basketrio\",\n\t\t\"call_of_duty\",\n\t\t\"dragon_city\",\n\t\t\"free_fire\",\n\t\t\"hago\",\n\t\t\"mobile_legends\",\n\t\t\"point_blank\",\n\t\t\"valorant\"\n\t],\n\t\"server_time\": \"2024-07-30 18:01:53\",\n\t\"status\": true\n}\n```","method":"GET","body":{},"parameters":[],"headers":[{"name":"User-Agent","value":"insomnia/9.3.1"}],"authentication":{},"metaSortKey":-1722358782184,"isPrivate":false,"pathParameters":[],"settingStoreCookies":true,"settingSendCookies":true,"settingDisableRenderRequestBody":false,"settingEncodeUrl":true,"settingRebuildPath":true,"settingFollowRedirects":"global","_type":"request"},{"_id":"req_5f1d22feef7b4c7fac0f7a85a29ee748","parentId":"wrk_6931cd86647d43ac81e41eabe138d5ce","modified":1722364218052,"created":1722362550165,"url":"{{ _.API_VERCEL }}","name":"Index","description":"Get Index of API Cek ID Games\n\n```response:200\n{\n\t\"message\": \"Welcome to the cek-id-game API\",\n\t\"server_time\": \"2024-07-30 18:02:41\",\n\t\"status\": true\n}\n```","method":"GET","body":{},"parameters":[],"headers":[{"name":"User-Agent","value":"insomnia/9.3.1"}],"authentication":{},"metaSortKey":-1722362550165,"isPrivate":false,"pathParameters":[],"settingStoreCookies":true,"settingSendCookies":true,"settingDisableRenderRequestBody":false,"settingEncodeUrl":true,"settingRebuildPath":true,"settingFollowRedirects":"global","_type":"request"},{"_id":"env_ded4b282885ceb6a06e5910c9e70e2ba19db8fae","parentId":"wrk_6931cd86647d43ac81e41eabe138d5ce","modified":1722362162406,"created":1722271360489,"name":"Base Environment","data":{"API_VERCEL":"https://api-cek-id-game-ten.vercel.app/api/"},"dataPropertyOrder":{"&":["API_VERCEL"]},"color":null,"isPrivate":false,"metaSortKey":1722271360489,"_type":"environment"},{"_id":"jar_ded4b282885ceb6a06e5910c9e70e2ba19db8fae","parentId":"wrk_6931cd86647d43ac81e41eabe138d5ce","modified":1722272572926,"created":1722271360505,"name":"Default Jar","cookies":[],"_type":"cookie_jar"}]}